source,title,description,publishedAt,url
"{'id': None, 'name': 'Criptonoticias.com'}",La dominancia de Ethereum llegó a su mínimo histórico ¿qué significa?,"La red Ethereum atraviesa múltiples crisis que ejercen presión bajista sobre el precio de su moneda nativa, ether (ETH).
Leer más",2025-04-22T18:56:33Z,https://www.criptonoticias.com/mercados/dominancia-ethereum-llego-minimo-historico-significa/
"{'id': None, 'name': 'Criptonoticias.com'}",70 solicitudes de ETF de criptomonedas aguardan luz verde de la SEC,"Las criptomonedas que cuentan con propuestas de fondos van desde XRP, litecoin y solana hasta penguins.
Leer más",2025-04-22T14:16:11Z,https://www.criptonoticias.com/mercados/72-solicitudes-etf-criptomonedas-aguardan-luz-verde-sec/
"{'id': None, 'name': 'BeInCrypto'}",Cerca de 72 ETF de criptomonedas esperan aprobación: Bitcoin mantiene el 90% de las inversiones,"Mientras la Comisión de Bolsa y Valores observa nuevos ETF de criptomonedas, Bitcoin aún mantiene un dominante 90% del mercado. Aunque los ETF de altcoins están ganando atención, es poco probable que superen el dominio de Bitcoin.
El post Cerca de 72 ETF de c…",2025-04-21T20:20:28Z,https://es.beincrypto.com/72-etf-criptomonedas-aprobacion-bitcoin-mantiene-90-porciento-inversiones/
"{'id': None, 'name': 'Cointelegraph'}",ARK incluye Solana en staking en dos ETFs tecnológicos,"Los ETFs accederán al staking de Solana a través de la nueva función aprobada en Canadá para fondos de criptomonedas.
 ARK Invest ha añadido exposición a Solana en staking (SOL) a las carteras de dos de sus fondos cotizados en bolsa (ETFs), según informó la g…",2025-04-21T18:42:00Z,https://es.cointelegraph.com/news/ark-crypto-fund-adds-staked-solana
"{'id': None, 'name': 'Bolsamania.com'}",El bitcoin sube con ganas ante la expectativa de que Trump destituya a Powell,"Buen comienzo de semana para las criptomonedas. El bitcoin (BTC) remonta un 3% y se sitúa alrededor de los 87.400 dólares, mientras que el ethereum (ETH) repunta un 2,5% y supera cómodamente los 1.600 dólares.",2025-04-21T07:47:35Z,https://www.bolsamania.com/noticias/criptodivisas/bitcoin-subidas-expectativa-trump-destituya-powell--19383856.html
"{'id': None, 'name': 'Cointelegraph'}","Holders de Dogecoin celebraron el ""Dogeday"" el 20 de abril mientras esperan la decisión sobre el ETF","A pesar de una inflación diaria de más de USD 2 millones, Dogecoin sigue siendo la memecoin dominante a medida que se acercan las decisiones sobre el ETF de la SEC.
 Los holders de Dogecoin de todo el mundo celebran el ""Dogeday"" el 20 de abril, mientras la co…",2025-04-20T15:00:00Z,https://es.cointelegraph.com/news/dogecoin-celebrate-4-20-dogeday-doge-etf-deadline-may
"{'id': None, 'name': 'BeInCrypto'}",Canary Capital presenta solicitud para el primer ETF spot de TRON con recompensas de staking,"La propuesta del ETF de TRON de Canary Capital enfrenta incertidumbre dado el pasado enfoque de la Comisión de Bolsa y Valores de Estados Unidos (SEC) sobre el staking.
El post Canary Capital presenta solicitud para el primer ETF spot de TRON con recompensas …",2025-04-19T18:48:00Z,https://es.beincrypto.com/canary-capital-apunta-lanzar-etf-tron/
"{'id': None, 'name': 'BeInCrypto'}","Esta semana en BeInCrypto: Desplome de MANTRA (OM), ¿Asociación Ripple-SWIFT?, Colapso de HV IJEX, y más…","Bienvenidos a otro resumen semanal de noticias de BeInCrypto, les traemos el top 10 noticias más relevantes de la semana del 12 al 18 de abril de 2025. Actualice instantáneamente las últimas noticias de Bitcoin, criptomonedas, blockchain, FinTech, mercados bu…",2025-04-18T11:25:00Z,https://es.beincrypto.com/resumen-semanal-noticias-bitcoin-beincrypto-18-04-25/
"{'id': None, 'name': 'Criptonoticias.com'}",Invertir en minería de Bitcoin y exchanges será posible con un nuevo ETF combinado,"El fondo de inversión pretende facilitar la inversión en la industria de los activos digitales a través de un único instrumento financiero.
Leer más",2025-04-18T06:50:00Z,https://www.criptonoticias.com/mercados/invertir-mineria-bitcoin-exchanges-etf-vaneck/
"{'id': None, 'name': 'BeInCrypto'}",Pequeños comercios de Perú comienzan a aceptar Bitcoin como medio de pago,"Perú está liderando la adopción de Bitcoin en pequeños comercios y en la Bolsa de Valores de Lima. Aprende sobre los avances regulatorios y cómo los peruanos están incorporando criptomonedas en su vida diaria.
El post Pequeños comercios de Perú comienzan a ac…",2025-04-18T00:19:01Z,https://es.beincrypto.com/pequenos-comercios-peru-comienzan-aceptar-bitcoin-pago/
"{'id': None, 'name': 'BeInCrypto'}",Cronos (CRO) sube 10% mientras Trump Media se asocia con Crypto.com para ETF de altcoins,"La asociación vinculante de Crypto.com con Trump Media para crear ETF de altcoins impulsa a Cronos (CRO) en un 8%. A pesar de la emoción inicial, las preocupaciones del mercado sobre la regulación y la competencia de ETF llevan a un aumento de precio más mode…",2025-04-22T18:52:00Z,https://es.beincrypto.com/cronos-cro-sube-10-porciento-trump-media-asocia-crypto-com-etf/
"{'id': None, 'name': 'Criptonoticias.com'}",Paul Atkins se instala en la SEC ¿cuáles son sus planes para bitcoin?,"La comunidad mantiene altas expectativas, con la esperanza de una gestión más proactiva que la postura represiva de Gary Gensler.
Leer más",2025-04-22T18:00:12Z,https://www.criptonoticias.com/regulacion/paul-atkins-sec-planes-bitcoin-estadosunidos/
"{'id': None, 'name': 'BeInCrypto'}",BBVA: MiCA permite a bancos crear stablecoins y lanzar servicios de custodia cripto,"Con la entrada en vigor de la ley MiCA, BBVA se posiciona en el espacio cripto, ofreciendo servicios como la custodia de activos y la emisión de stablecoins respaldadas por el euro. Esta regulación impulsa la adopción de criptomonedas en Europa, según directi…",2025-04-21T23:09:07Z,https://es.beincrypto.com/bbva-mica-permite-bancos-crear-stablecoins-lanzar-servicios-custodia-cripto/
"{'id': None, 'name': 'Huffingtonpost.es'}","Euro digital: qué sí, qué no, calendario y mitos de la apuesta revolucionaria del BCE","<![CDATA[<p>El euro digital se ha convertido en uno de esos caballos de batalla sobre los que cabalga la ultraderecha para desacreditar a Europa. El Banco Central Europeo (BCE) está en la diana, señalado porque quiere dar un paso que, denuncian, llevará al fi…",2025-04-20T12:17:47Z,https://www.huffingtonpost.es/economia/euro-digital-que-si-que-calendario-mitos-apuesta-revolucionaria-bce.html
"{'id': None, 'name': 'Criptonoticias.com'}",¿Qué son las leyes anti-lavado de dinero (ALD)?,"Las leyes anti-lavado de dinero exigen vigilancia, Bitcoin ofrece privacidad. El choque entre ambos modelos está definiendo el futuro financiero.
Leer más",2025-04-20T12:00:00Z,https://www.criptonoticias.com/criptopedia/leyes-anti-lavado-dinero-aml-bitcoin-criptomonedas-kyc-gafi-regla/
"{'id': None, 'name': 'Cointelegraph'}",Informe del BPI: Criptomonedas y DeFi pueden aumentar la brecha de riqueza y desestabilizar las finanzas,"El Banco de Pagos Internacionales advirtió de que las criptomonedas y las stablecoins pueden desestabilizar las finanzas y aumentar la desigualdad, por lo que insta a reforzar las regulaciones.
 La creciente adopción de criptomonedas puede presentar riesgos p…",2025-04-19T17:00:00Z,https://es.cointelegraph.com/news/crypto-adoption-critical-mass-regulation-wealth-gap-bis
"{'id': None, 'name': 'BeInCrypto'}",¿Cómo $31 billones en bonos del Tesoro de EEUU darían forma a los mercados cripto?,"El Tesoro emitirá 31 billones de dólares en bonos en 2025. Cualquier reducción en el apetito, ya sea debido a aranceles o rebalanceos de cartera, podría obligar al Tesoro a ofrecer rendimientos aún más altos. 
El post ¿Cómo $31 billones en bonos del Tesoro de…",2025-04-18T21:14:34Z,https://es.beincrypto.com/31-billones-bonos-tesoro-eeuu-darian-forma-mercados-cripto/
"{'id': None, 'name': 'Criptonoticias.com'}","“La volatilidad representa una oportunidad”, dice nuevo gerente de Binance de Argentina","Andrés Ondarra, nuevo gerente del exchange para Argentina y Cono Sur, destaca que los fundamentos del mercado de las criptomonedas siguen sólidos.
Leer más",2025-04-18T05:01:00Z,https://www.criptonoticias.com/entrevistas/volatilidad-oportunidad-binance-argentina-andres-ondarra/
"{'id': None, 'name': 'BeInCrypto'}",Pequeños comercios de Perú comienzan a aceptar Bitcoin como medio de pago,"Perú está liderando la adopción de Bitcoin en pequeños comercios y en la Bolsa de Valores de Lima. Aprende sobre los avances regulatorios y cómo los peruanos están incorporando criptomonedas en su vida diaria.
El post Pequeños comercios de Perú comienzan a ac…",2025-04-18T00:19:01Z,https://es.beincrypto.com/pequenos-comercios-peru-comienzan-aceptar-bitcoin-pago/
"{'id': None, 'name': 'BeInCrypto'}","El fraude en la industria de criptomonedas se dispara 50% en Latinoamérica, según reporte","Las estafas con criptomonedas aumentan un 50% en Latinoamérica, según el reporte de Sumsub. Descubre cómo detectar fraudes comunes, la importancia de la verificación de identidad y cómo protegerte de estafas en la industria cripto.
El post El fraude en la ind…",2025-04-17T21:39:38Z,https://es.beincrypto.com/fraude-industria-criptomonedas-dispara-50-porciento-latinoamerica-reporte/
"{'id': None, 'name': 'Criptonoticias.com'}",La dominancia de Ethereum llegó a su mínimo histórico ¿qué significa?,"La red Ethereum atraviesa múltiples crisis que ejercen presión bajista sobre el precio de su moneda nativa, ether (ETH).
Leer más",2025-04-22T18:56:33Z,https://www.criptonoticias.com/mercados/dominancia-ethereum-llego-minimo-historico-significa/
"{'id': None, 'name': 'Forbes.com.mx'}",El romance de California con Tesla está llegando a su fin mientras sus ventas de EVs se desploman,"Forbes México.
 El romance de California con Tesla está llegando a su fin mientras sus ventas de EVs se desploman

Su participación en el mercado de vehículos eléctricos del Estado Dorado cayó por debajo del 50% por primera vez a medida que estallaron las pro…",2025-04-22T14:04:38Z,https://forbes.com.mx/el-romance-de-california-con-tesla-esta-llegando-a-su-fin-mientras-sus-ventas-de-evs-se-desploman/
"{'id': None, 'name': 'Criptonoticias.com'}",Falta de uso eleva la inflación de la criptomoneda de Ethereum,"La inactividad actual condujo a que la red cocreada por Vitalik Buterin experimente un período inflacionario. 
Leer más",2025-04-21T23:00:00Z,https://www.criptonoticias.com/tecnologia/falta-de-uso-inflacion-criptomoneda-ethereum/
"{'id': None, 'name': 'BeInCrypto'}",Standard Chartered y Deutshe Bank planean expandir servicios cripto en EEUU: WSJ,"Deutsche Bank y Standard Chartered estudian abrir operaciones cripto en EE. UU., alentados por una política pro-blockchain. El sector bancario y las criptomonedas podrían estar más cerca de integrarse de forma estructural y regulada.
El post Standard Chartere…",2025-04-21T11:50:44Z,https://es.beincrypto.com/standard-chartered-deutsche-bank-cripto-eeuu/
"{'id': None, 'name': 'Criptonoticias.com'}",Solana lleva la batuta del alza esta semana y su próximo precio clave serían los USD 150,"Solana lidera con alza del 20% a USD 136,50. Soporte en USD 125,82 abre camino a USD 152,90, según datos de mercado. 
Leer más",2025-04-20T19:03:00Z,https://www.criptonoticias.com/mercados/solana-recuperacion-mercado-alcista-150/
"{'id': None, 'name': 'BeInCrypto'}",Changpeng Zhao propone unificar el staking de BNB para abordar la fragmentación de DeFi,"Changpeng Zhao tiene como objetivo simplificar el staking de BNB consolidando múltiples derivados en un solo token. Este movimiento podría mejorar la liquidez, reducir la complejidad y fortalecer el papel de BNB en DeFi.
El post Changpeng Zhao propone unifica…",2025-04-18T16:50:49Z,https://es.beincrypto.com/changpeng-zhao-propone-unificar-staking-bnb-abordar-fragmentacion-defi/
"{'id': None, 'name': 'BeInCrypto'}","Transacciones con stablecoins superaron las de Visa en el primer trimestre, revela Bitwise","Con un trimestre marcado por la volatilidad de precios y la incertidumbre en el comercio internacional; las stablecoins protagonizaron uno de los hitos más relevantes del ecosistema cripto: por primera vez, las transacciones realizadas con estos activos digit…",2025-04-18T16:25:17Z,https://es.beincrypto.com/transacciones-stablecoins-superan-visa-2025/
"{'id': None, 'name': 'Cointelegraph'}",Argentina post-cepo: Stablecoins emergen como refugio y alternativa clave en un nuevo panorama,"El levantamiento de restricciones cambiarias en Argentina, sumado a la tensión global, puso en la mira a las stablecoins. Un informe reciente de CryptoMKT y Coinchange Financial reveló su creciente importancia para la economía local.
 Tras el reciente anuncio…",2025-04-18T13:13:00Z,https://es.cointelegraph.com/news/argentina-post-bailout-stablecoins-emerge-as-a-key-safe-haven-and-alternative-in-a-new-landscape
"{'id': None, 'name': 'Cointelegraph'}",¿Rebote?: La apuesta de Coinbase para el Q3 2025,"Coinbase ve caída altcoins y menor inversión, pero ve rebote Q3 2025 con cautela y escepticismo.
 Según el último informe de Coinbase, las altcoins, las hermanitas menores de Bitcoin, han pegado un buen bajón. ¡Un 41% menos de valor desde los picos de diciemb…",2025-04-17T21:44:00Z,https://es.cointelegraph.com/news/rebound-coinbases-bet-for-q3-2025
"{'id': None, 'name': 'Perfil.com'}",Las 5 razones del dólar digital para seguir ganando terreno,"Las stablecoins -las cripto con paridad al dólar- ya representan más del 60% del volumen cripto local. Con el levantamiento del cepo cambiario y la guerra comercial de EE.UU., crece el interés por los ""dólares digitales"". Leer más",2025-04-17T14:14:00Z,https://noticias.perfil.com/noticias/economia/las-5-razones-del-dolar-digital-para-seguir-ganando-terreno.phtml
